X,Y,id,Name
103.746556728536873,1.332746303409382,1,Jurong Community Hospital
103.745482626118488,1.333448002143186,2,Ng Teng Fong General Hospital
