xcorn,ycorn
1.3367137,103.69918
1.3333,103.69918
1.3333,103.69999
1.3367137,103.69999
1.3367137,103.69918
1.3333,103.69918
1.3298863,103.69918
1.3298863,103.69999
1.3333,103.69999
1.3333,103.69918
1.3367137,103.69999
1.3333,103.69999
1.3333,103.700806
1.3367137,103.700806
1.3367137,103.69999
1.3333,103.69999
1.3298863,103.69999
1.3298863,103.700806
1.3333,103.700806
1.3333,103.69999
103.74808,1.3326288
103.748886,1.3326288
103.748886,1.33344
103.74808,1.33344
103.74808,1.3326288
103.748886,1.3326288
103.749695,1.3326288
103.749695,1.33344
103.748886,1.33344
103.748886,1.3326288
103.74808,1.33344
103.748886,1.33344
103.748886,1.3342512
103.74808,1.3342512
103.74808,1.33344
103.748886,1.33344
103.749695,1.33344
103.749695,1.3342512
103.748886,1.3342512
103.748886,1.33344
103.7433,1.3322823
103.74411,1.3322823
103.74411,1.3330935
103.7433,1.3330935
103.7433,1.3322823
103.74411,1.3322823
103.74492,1.3322823
103.74492,1.3330935
103.74411,1.3330935
103.74411,1.3322823
103.7433,1.3330935
103.74411,1.3330935
103.74411,1.3339047
103.7433,1.3339047
103.7433,1.3330935
103.74411,1.3330935
103.74492,1.3330935
103.74492,1.3339047
103.74411,1.3339047
103.74411,1.3330935
103.74584,1.3335525
103.74665,1.3335525
103.74665,1.3343637
103.74584,1.3343637
103.74584,1.3335525
103.74665,1.3335525
103.74746,1.3335525
103.74746,1.3343637
103.74665,1.3343637
103.74665,1.3335525
103.74584,1.3343637
103.74665,1.3343637
103.74665,1.3351749
103.74584,1.3351749
103.74584,1.3343637
103.74665,1.3343637
103.74746,1.3343637
103.74746,1.3351749
103.74665,1.3351749
103.74665,1.3343637
103.748695,1.3328983
103.749504,1.3328983
103.749504,1.3337094
103.748695,1.3337094
103.748695,1.3328983
103.749504,1.3328983
103.75031,1.3328983
103.75031,1.3337094
103.749504,1.3337094
103.749504,1.3328983
103.748695,1.3337094
103.749504,1.3337094
103.749504,1.3345206
103.748695,1.3345206
103.748695,1.3337094
103.749504,1.3337094
103.75031,1.3337094
103.75031,1.3345206
103.749504,1.3345206
103.749504,1.3337094
