X,Y,STN_NAM,id,Name
103.742263233574207,1.333209024398516,JURONG EAST MRT,,
103.732558045207327,1.342401751711042,CHINESE GARDEN MRT,1,Chinese Garden
